{"manifestVersion":"1.1","info":{"id":"BIA.ProjectCreator.acde96dc-7727-44e4-9c2b-6591ab80580a,version=2.1.0","manifestType":"Extension"},"packages":[{"id":"Component.BIA.ProjectCreator.acde96dc-7727-44e4-9c2b-6591ab80580a","version":"2.1.0","type":"Component","extension":true,"dependencies":{"BIA.ProjectCreator.acde96dc-7727-44e4-9c2b-6591ab80580a":"2.1.0","Microsoft.VisualStudio.Component.CoreEditor":"15.8.27729.1"},"localizedResources":[{"language":"en-US","title":"BIA Project Creator","description":"Template from powerfull application with a WebServer. \nContain sample for UI in MVC, Heavy Client, or HTML. \nContain sample for WebApi.\nAnd layers for secure acces to datas."}]},{"id":"BIA.ProjectCreator.acde96dc-7727-44e4-9c2b-6591ab80580a","version":"2.1.0","type":"Vsix","payloads":[{"fileName":"BIA.ProjectCreator.vsix","size":10915771}],"vsixId":"BIA.ProjectCreator.acde96dc-7727-44e4-9c2b-6591ab80580a","extensionDir":"[installdir]\\Common7\\IDE\\Extensions\\fd1rkyrn.byl","installSizes":{"targetDrive":27574984}}]}