﻿{
  // ACTION REQUIRED: This file was automatically added to your project, but it
  // will not take effect until additional steps are taken to enable it. See the
  // following page for additional information:
  //
  // https://github.com/DotNetAnalyzers/StyleCopAnalyzers/blob/master/documentation/EnableConfiguration.md

  "$schema": "https://raw.githubusercontent.com/DotNetAnalyzers/StyleCopAnalyzers/master/StyleCop.Analyzers/StyleCop.Analyzers/Settings/stylecop.schema.json",
  "settings": {
    "documentationRules": {
      "documentPrivateFields": true,
      "documentPrivateElements": true,
      "documentExposedElements": true,
      "documentInterfaces": true,
      "documentInternalElements": true,
      "companyName": "ZZCompanyNameZZ"
    },
    "orderingRules": {
      "usingDirectivesPlacement": "insideNamespace",
      "blankLinesBetweenUsingGroups": "omit",
      "systemUsingDirectivesFirst": false
    },
    "indentation": {
      "indentationSize": 4,
      "tabSize": 4,
      "useTabs": false
    },
    "layoutRules": {
      "allowConsecutiveUsings": false,
      "newlineAtEndOfFile": "omit"
    },
    "namingRules": {
      "allowCommonHungarianPrefixes": true,
      "allowedHungarianPrefixes": [ ]
    },
    "maintainabilityRules": {
      "topLevelTypes": [ "class" ]
    }
  }
}
